cohort,group,gene,rho,p,rho_purity,n,fdr,REG4_detect
ACC,Other epithelial,MUC2,0.320429682338092,0.00398974935759717,0.347086955931611,79,0.0115403590649187,0.01
ACC,Other epithelial,TFF3,0.00978744524778506,0.931777919293904,0.0185104645886365,79,0.960279361531129,0.01
ACC,Other epithelial,SPINK4,0.195852004233879,0.0836625180652268,0.19222689651012,79,0.152684095469039,0.01
ACC,Other epithelial,FCGBP,-0.0324885998894125,0.776228503630463,-0.0160598952864582,79,0.847101976037532,0.01
ACC,Other epithelial,AGR2,0.17497880712203,0.122980791001469,0.202942210331616,79,0.211237593955464,0.01
ACC,Other epithelial,KRT8,0.199828150636781,0.0774534797545569,0.214361150455562,79,0.144360102691472,0.01
ACC,Other epithelial,KRT18,0.124182969188481,0.275538521297131,0.120156270324977,79,0.400109143107282,0.01
ACC,Other epithelial,KRT19,0.0192659245322558,0.866169904089859,0.0178708259898706,79,0.907613440170714,0.01
ACC,Other epithelial,EPCAM,0.0240827494699265,0.833144111189155,0.0211797848799307,79,0.883576563440314,0.01
ACC,Other epithelial,CDX2,0.0497189662020951,0.663462702559967,0.0436488127682307,79,0.772863467343791,0.01
ACC,Other epithelial,VIL1,0.231145162546621,0.0404072308548058,0.236870036619534,79,0.0819368847889118,0.01
ACC,Other epithelial,KLF4,0.0426662884309721,0.70888663775307,0.0481830340060188,79,0.795705381600085,0.01
ACC,Other epithelial,HNF4A,-0.0323024910870951,0.777477156089241,-0.0362738234853615,79,0.847101976037532,0.01
BLCA,Other epithelial,MUC2,0.370531405659436,1.00539224623573e-14,0.343367444966699,408,1.83484084938021e-13,0.74
BLCA,Other epithelial,TFF3,0.140562412522303,0.00444607493374727,0.12129200441125,408,0.0126453300063721,0.74
BLCA,Other epithelial,SPINK4,0.351940619199107,2.43170927023182e-13,0.321639185694736,408,3.43576987213399e-12,0.74
BLCA,Other epithelial,FCGBP,0.126449262471732,0.0105705734179368,0.112965421030104,408,0.0267624922373196,0.74
BLCA,Other epithelial,AGR2,0.431266172397826,6.54493832787535e-20,0.37660039498325,408,1.79167686725588e-18,0.74
BLCA,Other epithelial,KRT8,0.310067014779533,1.53055735840844e-10,0.284252438832275,408,1.45735678909325e-09,0.74
BLCA,Other epithelial,KRT18,0.277999578534368,1.1228132270948e-08,0.279645396680278,408,9.10726284199115e-08,0.74
BLCA,Other epithelial,KRT19,0.298792959584457,7.36516386852314e-10,0.282868329566811,408,6.45188354882627e-09,0.74
BLCA,Other epithelial,EPCAM,0.20569438085255,2.82751072321275e-05,0.172192515801149,408,0.000134614097474694,0.74
BLCA,Other epithelial,CDX2,0.14546308659487,0.00323085974412114,0.111472404218412,408,0.00956159843192606,0.74
BLCA,Other epithelial,VIL1,0.0566470348359832,0.25361184687842,0.0725255824679578,408,0.374013430749993,0.74
BLCA,Other epithelial,KLF4,-0.12952654878183,0.00881042849702561,-0.0894524699168976,408,0.0229700457243882,0.74
BLCA,Other epithelial,HNF4A,0.291457089363587,1.97517154403451e-09,0.253576985129731,408,1.6963237966414e-08,0.74
BRCA,Other epithelial,MUC2,0.0614894215441362,0.0419178905929383,0.0651641492176925,1095,0.0846084611968064,0.38
BRCA,Other epithelial,TFF3,0.215948213804561,5.08060524784081e-13,0.226027998675202,1095,6.54501499574786e-12,0.38
BRCA,Other epithelial,SPINK4,0.077452342967038,0.0103508245248617,0.0979168546386252,1095,0.0263584950109851,0.38
BRCA,Other epithelial,FCGBP,0.0528465124551576,0.080471523271723,0.0363037839962434,1095,0.147475009175794,0.38
BRCA,Other epithelial,AGR2,0.188587392013259,3.1767419973954e-10,0.212972016990408,1095,2.8987770726233e-09,0.38
BRCA,Other epithelial,KRT8,0.0748793126075729,0.0131948970774398,0.0837790579379547,1095,0.0321802536471374,0.38
BRCA,Other epithelial,KRT18,0.100512706183876,0.000866331053747368,0.123238866346064,1095,0.0030601048511399,0.38
BRCA,Other epithelial,KRT19,0.0748550111816505,0.0132247617727962,0.0881093121288194,1095,0.0321802536471374,0.38
BRCA,Other epithelial,EPCAM,0.0274234842300829,0.364619082361751,0.0551156105596345,1095,0.499072368982647,0.38
BRCA,Other epithelial,CDX2,-0.0159329087751073,0.598427150809379,-0.0405748693539545,1095,0.712258402322032,0.38
BRCA,Other epithelial,VIL1,-0.034154001271396,0.25880449458973,-0.0235265503408046,1095,0.379118289733451,0.38
BRCA,Other epithelial,KLF4,0.128040695286353,2.14123268612942e-05,0.103519606272592,1095,0.000105377518710639,0.38
BRCA,Other epithelial,HNF4A,0.0792864023292117,0.00867035447524096,0.0825499980481295,1095,0.0227402111386559,0.38
CESC,Other epithelial,MUC2,0.118768429828075,0.0384899994754737,0.102716776831699,304,0.0787558290221499,0.38
CESC,Other epithelial,TFF3,0.173020443337146,0.00246871981680002,0.18046128101656,304,0.0076147836602705,0.38
CESC,Other epithelial,SPINK4,0.115179253231343,0.0447892188397795,0.112731457699652,304,0.0895784376795589,0.38
CESC,Other epithelial,FCGBP,0.308512407831264,3.98604505550789e-08,0.296095605294713,304,2.95913175307196e-07,0.38
CESC,Other epithelial,AGR2,0.183973480951439,0.00127291254128163,0.183685130878908,304,0.00425599765710956,0.38
CESC,Other epithelial,KRT8,0.187992562962761,0.000988872532747888,0.200091096449824,304,0.00341044227829587,0.38
CESC,Other epithelial,KRT18,0.200552552006102,0.000434553285134725,0.200222103235084,304,0.00161300287194076,0.38
CESC,Other epithelial,KRT19,0.0945229994732354,0.0999780045567208,0.110104127223361,304,0.178009617869283,0.38
CESC,Other epithelial,EPCAM,0.14514740839705,0.0112853228919797,0.175809343394866,304,0.0282455510096407,0.38
CESC,Other epithelial,CDX2,0.207583190612899,0.000268224620383609,0.211436714998864,304,0.00103054722568439,0.38
CESC,Other epithelial,VIL1,0.222692162222633,9.00074291519483e-05,0.229992623137909,304,0.000382750038529644,0.38
CESC,Other epithelial,KLF4,-0.0806628872869795,0.160647086808152,-0.085738376806415,304,0.258689058904303,0.38
CESC,Other epithelial,HNF4A,0.25250745756143,8.31486522294524e-06,0.255847599998212,304,4.49618637981483e-05,0.38
CHOL,GI adeno,MUC2,0.0846215000337472,0.623644255860256,0.0803933983349034,36,0.740260661427621,0.61
CHOL,GI adeno,TFF3,0.356223469428837,0.0329724193101899,0.35370714856153,36,0.0694323060474192,0.61
CHOL,GI adeno,SPINK4,0.245886285896505,0.148302901035724,0.248028608441422,36,0.245119511900555,0.61
CHOL,GI adeno,FCGBP,-0.102621991059283,0.55145745966938,-0.116826394320811,36,0.684244666671922,0.61
CHOL,GI adeno,AGR2,0.236172646761324,0.165522778297091,0.231852683225393,36,0.264594806182942,0.61
CHOL,GI adeno,KRT8,-0.198838195791411,0.245000485398862,-0.200144190794278,36,0.36376343255831,0.61
CHOL,GI adeno,KRT18,-0.318409651878758,0.05840761816366,-0.314160582813934,36,0.112698399804771,0.61
CHOL,GI adeno,KRT19,0.279302355088998,0.0990067500790055,0.274547031497223,36,0.176999822590222,0.61
CHOL,GI adeno,EPCAM,0.061210847126155,0.72286193765858,0.0696311685675561,36,0.805632388535516,0.61
CHOL,GI adeno,CDX2,0.492137559005645,0.00229785740436754,0.491701883847911,36,0.00718901102223558,0.61
CHOL,GI adeno,VIL1,0.0474934056983063,0.783271021381576,0.0603689473661577,36,0.849926184979259,0.61
CHOL,GI adeno,KLF4,-0.0667797675659509,0.698778101605056,-0.0855883801889289,36,0.788356138697832,0.61
CHOL,GI adeno,HNF4A,0.153684058109626,0.370843501368287,0.1609844784135,36,0.504439296892266,0.61
COAD,GI adeno,MUC2,0.741485989820922,1.74365899165051e-79,0.735743426591933,449,2.54574212780975e-77,0.98
COAD,GI adeno,TFF3,0.365323563094098,1.26883756362004e-15,0.366541330539815,449,2.4163080559373e-14,0.98
COAD,GI adeno,SPINK4,0.785415277298434,3.60494492251635e-95,0.778606675371441,449,1.57896587606216e-92,0.98
COAD,GI adeno,FCGBP,0.679261968170173,4.80823925270402e-62,0.670793235113073,449,5.26502198171091e-60,0.98
COAD,GI adeno,AGR2,0.749324507358866,4.83232211179693e-82,0.748374988084093,449,1.05827854248353e-79,0.98
COAD,GI adeno,KRT8,0.175564025321503,0.000184868312466191,0.164124985936952,449,0.000729480368109833,0.98
COAD,GI adeno,KRT18,0.126290086076122,0.00737730146236847,0.124696240489314,449,0.0198236689602294,0.98
COAD,GI adeno,KRT19,0.248976675136277,9.02076136783283e-08,0.233723314182752,449,6.37273141792061e-07,0.98
COAD,GI adeno,EPCAM,-0.239629785319265,2.76842786875636e-07,-0.221012784505099,449,1.86549447156198e-06,0.98
COAD,GI adeno,CDX2,-0.411266225838498,9.38160774318266e-20,-0.391688456635735,449,2.41714364206706e-18,0.98
COAD,GI adeno,VIL1,-0.348259493707455,3.00584616666972e-14,-0.333558459847242,449,4.70200221786192e-13,0.98
COAD,GI adeno,KLF4,0.592175137840132,7.72936891656388e-44,0.58335229012686,449,4.83637655064997e-42,0.98
COAD,GI adeno,HNF4A,-0.406038960577751,2.98895325262026e-19,-0.39723846318975,449,7.27311958137597e-18,0.98
DLBC,Non-epithelial,MUC2,-0.107219422252655,0.468236176650381,0.011796070700018,48,0.606767589860553,0.52
DLBC,Non-epithelial,TFF3,0.177969999371758,0.226202150882939,0.21151476120034,48,0.341643248574921,0.52
DLBC,Non-epithelial,SPINK4,0.228176357619252,0.118798158843449,0.211038150704624,48,0.206482514180281,0.52
DLBC,Non-epithelial,FCGBP,0.209156693564058,0.153661229601765,0.362482240578482,48,0.250199325522576,0.52
DLBC,Non-epithelial,AGR2,-0.167562640014864,0.254962796248059,-0.0780833292767758,48,0.374743975693456,0.52
DLBC,Non-epithelial,KRT8,0.222254711763008,0.128939436292353,0.0543261501988356,48,0.218052019675871,0.52
DLBC,Non-epithelial,KRT18,0.306872257322436,0.033878536365951,0.230537898344266,48,0.0709990379343853,0.52
DLBC,Non-epithelial,KRT19,-0.0500913611555435,0.735282152017266,-0.0307335850628708,48,0.817394879653712,0.52
DLBC,Non-epithelial,EPCAM,-0.0321293265146365,0.82837452809842,0.0425407266289325,48,0.880650590551233,0.52
DLBC,Non-epithelial,CDX2,0.21234329188093,0.147348549554215,0.173714562121617,48,0.24446463903313,0.52
DLBC,Non-epithelial,VIL1,0.0784820697178265,0.595955300113965,-0.0878280815937574,48,0.711249104768166,0.52
DLBC,Non-epithelial,KLF4,-0.0940141086860384,0.525043932023954,-0.28334452331498,48,0.658937656809432,0.52
DLBC,Non-epithelial,HNF4A,0.27719667668903,0.0564667487138397,0.103749761568242,48,0.109435557241866,0.52
ESCA_EAC,GI adeno,MUC2,0.494639399038338,8.34979746497083e-07,0.549455557513603,89,5.37825189655474e-06,0.97
ESCA_EAC,GI adeno,TFF3,0.381509729481265,0.000225290828009298,0.333044887961829,89,0.000873251174053737,0.97
ESCA_EAC,GI adeno,SPINK4,0.635586699871267,2.21297727839679e-11,0.650990728767764,89,2.42321011984449e-10,0.97
ESCA_EAC,GI adeno,FCGBP,0.454242106982076,7.77558464118902e-06,0.505014672564393,89,4.25713259105099e-05,0.97
ESCA_EAC,GI adeno,AGR2,0.634228559474737,2.51444242238823e-11,0.652638735527259,89,2.68616044147816e-10,0.97
ESCA_EAC,GI adeno,KRT8,0.332026677978237,0.00147915105971267,0.370011674952219,89,0.00485743580566898,0.97
ESCA_EAC,GI adeno,KRT18,0.105618216676279,0.324588105611862,0.175704706846571,89,0.451332032565065,0.97
ESCA_EAC,GI adeno,KRT19,0.258490140528178,0.0144515346874239,0.246179200592765,89,0.0345889190879327,0.97
ESCA_EAC,GI adeno,EPCAM,0.187224135502387,0.0789398174263576,0.0740567229531483,89,0.14527579845691,0.97
ESCA_EAC,GI adeno,CDX2,0.124750477818628,0.244094600769045,0.111494740484898,89,0.363651139921231,0.97
ESCA_EAC,GI adeno,VIL1,0.0673874182204563,0.530358785026897,-0.0513699884096696,89,0.663706136690802,0.97
ESCA_EAC,GI adeno,KLF4,0.363925802768998,0.000455305900766923,0.411244270546529,89,0.00167583180282279,0.97
ESCA_EAC,GI adeno,HNF4A,0.143723584950251,0.179043533808884,0.078673770934485,89,0.283108548044373,0.97
ESCA_ESCC,Other epithelial,MUC2,0.319502759074224,0.00159916479351567,0.254521581086752,95,0.00518825718728779,0.4
ESCA_ESCC,Other epithelial,TFF3,0.186596193461662,0.0702065912518474,0.162692826249244,95,0.133697769427431,0.4
ESCA_ESCC,Other epithelial,SPINK4,0.0918476286615615,0.376026161756687,0.131315462046678,95,0.508331663115522,0.4
ESCA_ESCC,Other epithelial,FCGBP,-0.109134134381991,0.292444282422029,-0.141488906348417,95,0.41723321075195,0.4
ESCA_ESCC,Other epithelial,AGR2,0.170514018000356,0.0985169685289021,0.109570168521757,95,0.176846033670734,0.4
ESCA_ESCC,Other epithelial,KRT8,0.0185502991521791,0.858387071215247,0.00208906383982566,95,0.901615197103785,0.4
ESCA_ESCC,Other epithelial,KRT18,0.0909514097767035,0.380721410835182,0.104785526584576,95,0.513095316756338,0.4
ESCA_ESCC,Other epithelial,KRT19,0.023238309602225,0.823122455647618,0.020965138872572,95,0.87719619360987,0.4
ESCA_ESCC,Other epithelial,EPCAM,-0.159987681534543,0.121449583003678,-0.121339282870349,95,0.209428808486657,0.4
ESCA_ESCC,Other epithelial,CDX2,0.00644819827849386,0.95054859050002,0.0258020642022435,95,0.97275766971731,0.4
ESCA_ESCC,Other epithelial,VIL1,0.168923434243393,0.101745699584839,0.155956562304932,95,0.179696033944192,0.4
ESCA_ESCC,Other epithelial,KLF4,-0.10226674026982,0.324051716528524,-0.0631052362712337,95,0.451332032565065,0.4
ESCA_ESCC,Other epithelial,HNF4A,0.239648496181653,0.0193314154551779,0.208516973586681,95,0.0437041385549935,0.4
GBM,Non-epithelial,MUC2,-0.0494366239195951,0.54394799004762,-0.0667917409666909,153,0.67684437397971,0.14
GBM,Non-epithelial,TFF3,0.0238280190879116,0.770010807418897,0.0114833268064555,153,0.843161834123692,0.14
GBM,Non-epithelial,SPINK4,,,,153,,0.14
GBM,Non-epithelial,FCGBP,-0.0677720842442342,0.40519603168101,-0.146117272716119,153,0.534885603029262,0.14
GBM,Non-epithelial,AGR2,0.0465406786870601,0.567819968796465,0.0115093342778165,153,0.694304417128119,0.14
GBM,Non-epithelial,KRT8,-0.159175530886469,0.0493801284479244,-0.181435829341262,153,0.0965845755582356,0.14
GBM,Non-epithelial,KRT18,-0.107110084660284,0.187567950504243,-0.125940710878286,153,0.291552178875439,0.14
GBM,Non-epithelial,KRT19,0.0559557395633428,0.492084788768406,0.0383405525428389,153,0.630213852282344,0.14
GBM,Non-epithelial,EPCAM,0.187283014654951,0.0204430496136347,0.172172357168602,153,0.0459182345167794,0.14
GBM,Non-epithelial,CDX2,-0.0986352405540696,0.225127734541649,-0.0655461164245813,153,0.341614754864785,0.14
GBM,Non-epithelial,VIL1,-0.0883658264439362,0.277396009774348,-0.0838027704428924,153,0.400109143107282,0.14
GBM,Non-epithelial,KLF4,-0.0155445498861547,0.848752671070637,-0.0659262848002414,153,0.893638629636872,0.14
GBM,Non-epithelial,HNF4A,0.0393729294957183,0.628946809479765,0.0434795038355268,153,0.742530195558321,0.14
HNSC,Other epithelial,MUC2,0.177650508424737,4.6261390247564e-05,0.212556804453668,520,0.000206232719361651,0.29
HNSC,Other epithelial,TFF3,0.246260699855123,1.27075547536777e-08,0.249475423654078,520,1.01198345129288e-07,0.29
HNSC,Other epithelial,SPINK4,0.0259873140054556,0.554335710233485,0.0420413696093154,520,0.684530621644476,0.29
HNSC,Other epithelial,FCGBP,0.179404236976572,3.87799592221433e-05,0.165073192045262,520,0.000178796022518935,0.29
HNSC,Other epithelial,AGR2,0.142709273086094,0.00110178281447067,0.182394907110135,520,0.00377016306826681,0.29
HNSC,Other epithelial,KRT8,0.0284561457384494,0.517328126783291,0.0688089671050087,520,0.652996309887843,0.29
HNSC,Other epithelial,KRT18,0.00997043191202016,0.820564239283395,0.0491069145573346,520,0.876602772697871,0.29
HNSC,Other epithelial,KRT19,0.0963997845833265,0.0279430791807281,0.149114697506617,520,0.0599954347115634,0.29
HNSC,Other epithelial,EPCAM,-0.0374784019004654,0.393724729904991,0.0189394219319264,520,0.525755377541803,0.29
HNSC,Other epithelial,CDX2,0.0772508221126148,0.0784109840283909,0.080519577074678,520,0.144911438837279,0.29
HNSC,Other epithelial,VIL1,0.118773568484133,0.00669713822784215,0.113269247248997,520,0.0182195437502787,0.29
HNSC,Other epithelial,KLF4,0.00840372579633664,0.848387205807791,-0.00241110167266433,520,0.893638629636872,0.29
HNSC,Other epithelial,HNF4A,0.0145751725987659,0.740204273974862,0.0291037634144082,520,0.820783473420227,0.29
KICH,Other epithelial,MUC2,0.127006985804485,0.309525699077843,0.125263341118771,66,0.43592365336365,0.3
KICH,Other epithelial,TFF3,-0.0534919628579413,0.669690213116796,-0.0547267689025563,66,0.77394277927482,0.3
KICH,Other epithelial,SPINK4,0.255173981623065,0.0386586831958042,0.271705383541767,66,0.0787558290221499,0.3
KICH,Other epithelial,FCGBP,-0.132849315848177,0.287612526932249,-0.139600296273081,66,0.411680675804983,0.3
KICH,Other epithelial,AGR2,0.178318054678319,0.152002790244126,0.176850504277305,66,0.248422470622863,0.3
KICH,Other epithelial,KRT8,0.0674232276348964,0.590648877622676,0.0786336734562193,66,0.710735235750676,0.3
KICH,Other epithelial,KRT18,0.00398025788722283,0.974696897529406,0.0131006197467475,66,0.98595205800896,0.3
KICH,Other epithelial,KRT19,0.00222727332207486,0.985839293944929,-0.0076038614843334,66,0.993279075928577,0.3
KICH,Other epithelial,EPCAM,0.0329994113394054,0.79252141467843,0.0282033547217009,66,0.850795048110668,0.3
KICH,Other epithelial,CDX2,0.111065030665183,0.374644163426631,0.10880080426076,66,0.508031404275122,0.3
KICH,Other epithelial,VIL1,0.167896321838639,0.177812019440189,0.16674422690508,66,0.282179943894213,0.3
KICH,Other epithelial,KLF4,0.183324858152446,0.14064298130788,0.18418295302976,66,0.234226714117305,0.3
KICH,Other epithelial,HNF4A,0.00185325662907921,0.988217056266448,0.0113791277633555,66,0.993279075928577,0.3
KIRC,Other epithelial,MUC2,0.060980597676527,0.159768750067323,0.0706469285024476,533,0.258224031474123,0.18
KIRC,Other epithelial,TFF3,0.107963139981111,0.0126325263110067,0.111813088779745,533,0.031084531034949,0.18
KIRC,Other epithelial,SPINK4,0.136293172390394,0.0016109657019889,0.14448721570326,533,0.00518825718728779,0.18
KIRC,Other epithelial,FCGBP,0.0999596165074518,0.0209928879627213,0.0894674047545507,533,0.0469126782024079,0.18
KIRC,Other epithelial,AGR2,0.216674750751557,4.40186773734279e-07,0.198599973256189,533,2.9212394984184e-06,0.18
KIRC,Other epithelial,KRT8,0.0602508122197123,0.164834452177503,0.0905787725409969,533,0.264459670526544,0.18
KIRC,Other epithelial,KRT18,0.00328869534467542,0.939620081451708,0.0355346235446667,533,0.96495740456665,0.18
KIRC,Other epithelial,KRT19,0.127786429496668,0.00312286920092116,0.102471308917918,533,0.00936860760276349,0.18
KIRC,Other epithelial,EPCAM,0.143600451094302,0.000885018843826771,0.149884940852379,533,0.00307649407615973,0.18
KIRC,Other epithelial,CDX2,0.1234950778485,0.00429895756345362,0.122896741699043,533,0.0123068196914555,0.18
KIRC,Other epithelial,VIL1,-0.0614230042370609,0.156755528477559,-0.0272998870787625,533,0.254292301752485,0.18
KIRC,Other epithelial,KLF4,-0.0662436001406518,0.126651679284485,-0.0687189951695969,533,0.215849943683285,0.18
KIRC,Other epithelial,HNF4A,-0.176371291904813,4.23212268606797e-05,-0.143550832048751,533,0.000192150099348108,0.18
KIRP,Other epithelial,MUC2,0.244441417801366,2.56810847350544e-05,0.248273481931946,290,0.000123607858395097,0.16
KIRP,Other epithelial,TFF3,0.242812995249098,2.91741561524696e-05,0.229538074107036,290,0.000137400864460018,0.16
KIRP,Other epithelial,SPINK4,0.37229915965391,5.76945122130531e-11,0.378473606583966,290,5.87678984867843e-10,0.16
KIRP,Other epithelial,FCGBP,0.0548291852147901,0.35217705143577,0.0519587910991675,290,0.483553443664161,0.16
KIRP,Other epithelial,AGR2,0.159892943400658,0.00635852816880373,0.147861163466997,290,0.0174064708621002,0.16
KIRP,Other epithelial,KRT8,-0.122526889417324,0.0370321117835941,-0.108743870391566,290,0.0765097403830859,0.16
KIRP,Other epithelial,KRT18,-0.118234917992182,0.0442374252775112,-0.104406034369854,290,0.0888806984933481,0.16
KIRP,Other epithelial,KRT19,0.00233979528112118,0.968353633441193,0.0111193666319897,290,0.984080954633973,0.16
KIRP,Other epithelial,EPCAM,0.019313723003978,0.743281493828544,0.0545898998655367,290,0.822114379537632,0.16
KIRP,Other epithelial,CDX2,0.138541230916677,0.0182514718160082,0.139830052788732,290,0.0418541604995371,0.16
KIRP,Other epithelial,VIL1,-0.139904119642289,0.0171289761921043,-0.138620360483855,290,0.0399068700645835,0.16
KIRP,Other epithelial,KLF4,-0.123424593984036,0.0356579741259765,-0.117061076459135,290,0.0743723460341796,0.16
KIRP,Other epithelial,HNF4A,-0.174544538551498,0.00285926496731839,-0.163549726195361,290,0.00869693094226011,0.16
LAML,Non-epithelial,MUC2,,,,0,,0.31
LAML,Non-epithelial,TFF3,0.0769371523701066,0.314364490540323,-0.0619162062939792,173,0.441319380950838,0.31
LAML,Non-epithelial,SPINK4,-0.000428665622921447,0.995533990984193,-0.11023360481156,173,0.997812100803379,0.31
LAML,Non-epithelial,FCGBP,0.0626155346906675,0.413122164572387,0.0539608465511744,173,0.543385910158275,0.31
LAML,Non-epithelial,AGR2,0.0102113599730976,0.893925080219233,0.0462042817394518,173,0.930021817425235,0.31
LAML,Non-epithelial,KRT8,0.266977536611145,0.00038412729275563,0.238899731097053,173,0.00145041167437039,0.31
LAML,Non-epithelial,KRT18,0.286988106946312,0.000129073214908097,0.262379545474584,173,0.000528355776913518,0.31
LAML,Non-epithelial,KRT19,,,,0,,0.31
LAML,Non-epithelial,EPCAM,0.19191037849207,0.0114243428367835,0.142009069803694,173,0.0282941227040589,0.31
LAML,Non-epithelial,CDX2,-0.0204947877741314,0.788975885661499,-0.0624882419257863,173,0.850795048110668,0.31
LAML,Non-epithelial,VIL1,0.11943584564169,0.117547158852913,0.109889422508116,173,0.205122133775203,0.31
LAML,Non-epithelial,KLF4,-0.0600849873889861,0.432292261089451,-0.0104813805888005,173,0.565206001066208,0.31
LAML,Non-epithelial,HNF4A,,,,0,,0.31
LGG,Non-epithelial,MUC2,0.0164056762467486,0.710321470789117,0.0211584820908354,515,0.795705381600085,0.21
LGG,Non-epithelial,TFF3,0.122437508865877,0.00539796887041943,0.116554515252995,515,0.0151160088338981,0.21
LGG,Non-epithelial,SPINK4,0.127520925083784,0.00374687939259758,0.129980621006253,515,0.0109408878263849,0.21
LGG,Non-epithelial,FCGBP,-0.0583034101151744,0.186493418460473,-0.0661477568181851,515,0.291552178875439,0.21
LGG,Non-epithelial,AGR2,0.203787105421739,3.12478450253e-06,0.205516516983825,515,1.84390388164377e-05,0.21
LGG,Non-epithelial,KRT8,0.0479556813509158,0.277360340467432,0.0380241642119177,515,0.400109143107282,0.21
LGG,Non-epithelial,KRT18,-0.0532625678795586,0.227570977484685,-0.0636000637252627,515,0.342529512502722,0.21
LGG,Non-epithelial,KRT19,0.00460840017858716,0.916909316232631,-0.00550474947422606,515,0.951673650497376,0.21
LGG,Non-epithelial,EPCAM,0.242379392348663,2.54197296642549e-08,0.23779465800763,515,1.95330554262169e-07,0.21
LGG,Non-epithelial,CDX2,-0.0182513594262749,0.679447457146005,-0.0144279827715125,515,0.774994755807162,0.21
LGG,Non-epithelial,VIL1,-0.00259851967712202,0.953090217838227,0.00749545569985139,515,0.973085117513155,0.21
LGG,Non-epithelial,KLF4,0.000623201539747169,0.988743555033926,-0.00548901267465964,515,0.993279075928577,0.21
LGG,Non-epithelial,HNF4A,0.0713302643122352,0.105906782211277,0.0624091050978323,515,0.185548682434158,0.21
LIHC,Other epithelial,MUC2,0.0697645641090796,0.179965882784378,0.0934840758550696,371,0.283543369278984,0.74
LIHC,Other epithelial,TFF3,0.0930938588650618,0.0733005933994583,0.119347352348276,371,0.137792531798123,0.74
LIHC,Other epithelial,SPINK4,0.330823774406976,6.33790426528187e-11,0.337725610399124,371,6.30909560953059e-10,0.74
LIHC,Other epithelial,FCGBP,0.0696239708026666,0.180847110855822,0.102120417851915,371,0.283910518117742,0.74
LIHC,Other epithelial,AGR2,0.193521590685395,0.000176535801245538,0.239511861649534,371,0.000702933463141326,0.74
LIHC,Other epithelial,KRT8,-0.0185903025650232,0.721168888785739,0.00150745533944555,371,0.805632388535516,0.74
LIHC,Other epithelial,KRT18,0.0624924059237397,0.229828457011922,0.0716907104068253,371,0.343566089321577,0.74
LIHC,Other epithelial,KRT19,0.0847666626193232,0.103070489419593,0.136025041023838,371,0.18130471632844,0.74
LIHC,Other epithelial,EPCAM,0.087987092605164,0.090585801727992,0.110098287557614,371,0.164477082116259,0.74
LIHC,Other epithelial,CDX2,0.22578989028104,1.12737201846487e-05,0.224633216869695,371,5.74173190799548e-05,0.74
LIHC,Other epithelial,VIL1,0.227985964723512,9.20534504625365e-06,0.228364579196669,371,4.91700137836475e-05,0.74
LIHC,Other epithelial,KLF4,-0.143346165847113,0.00567444504756291,-0.101678377781387,371,0.0157304236128643,0.74
LIHC,Other epithelial,HNF4A,-0.0204748986857295,0.694256855933046,-0.0696948696285646,371,0.786301916085048,0.74
LUAD,Other epithelial,MUC2,0.215209563153167,8.22728452893067e-07,0.203948991073186,515,5.37825189655474e-06,0.48
LUAD,Other epithelial,TFF3,0.106103977189928,0.0160035437960667,0.10768203256652,515,0.0376857644229958,0.48
LUAD,Other epithelial,SPINK4,0.199457401275935,5.08326860348059e-06,0.204582905415897,515,2.89152162120065e-05,0.48
LUAD,Other epithelial,FCGBP,-0.0952480544776472,0.0306810083754601,-0.108757084543549,515,0.0652343770313181,0.48
LUAD,Other epithelial,AGR2,0.104015146139122,0.0182182957879451,0.116407430128594,515,0.0418541604995371,0.48
LUAD,Other epithelial,KRT8,0.199060555970348,5.31231877820214e-06,0.208273946917321,515,2.98307131391351e-05,0.48
LUAD,Other epithelial,KRT18,0.142303423201396,0.00120360344548869,0.15721640315386,515,0.00405521776249267,0.48
LUAD,Other epithelial,KRT19,0.136208967370133,0.00194823189834096,0.132192146569835,515,0.00616420560318931,0.48
LUAD,Other epithelial,EPCAM,0.0991335031807351,0.0244632394437772,0.154792219359863,515,0.0543903496262661,0.48
LUAD,Other epithelial,CDX2,0.224207774440598,2.72818829829696e-07,0.220964128306145,515,1.86549447156198e-06,0.48
LUAD,Other epithelial,VIL1,0.231025373390467,1.14571563707796e-07,0.23103716569985,515,7.96545157206584e-07,0.48
LUAD,Other epithelial,KLF4,0.165630017877207,0.00015954642309984,0.135045017176716,515,0.000641113149703946,0.48
LUAD,Other epithelial,HNF4A,0.272183654609869,3.36867591314585e-10,0.262211050512534,515,3.01118377542425e-09,0.48
LUSC,Other epithelial,MUC2,0.108465998896204,0.0151445799854079,0.10531253939762,501,0.0360506849652645,0.3
LUSC,Other epithelial,TFF3,0.214611617094078,1.24547136527134e-06,0.210828584954389,501,7.68333039420909e-06,0.3
LUSC,Other epithelial,SPINK4,0.122683970809007,0.00596729028109596,0.111333358302325,501,0.0164381958686794,0.3
LUSC,Other epithelial,FCGBP,0.0253945246690611,0.570661164762838,0.0146130922290478,501,0.694304417128119,0.3
LUSC,Other epithelial,AGR2,0.13146224565976,0.00319860715305702,0.12174019233097,501,0.0095305437621699,0.3
LUSC,Other epithelial,KRT8,0.0175746805871351,0.6947462135272,0.0283035047891909,501,0.786301916085048,0.3
LUSC,Other epithelial,KRT18,0.0563869831068105,0.207683251487033,0.0591985093574468,501,0.318710634454182,0.3
LUSC,Other epithelial,KRT19,-0.0791836328264573,0.0766066768012662,-0.0725030452436449,501,0.143391984781857,0.3
LUSC,Other epithelial,EPCAM,-0.0882647534630589,0.0483189131282588,-0.0723959425485672,501,0.0953319096854836,0.3
LUSC,Other epithelial,CDX2,0.0469175434158354,0.294587542265671,0.059488306313441,501,0.418926439975207,0.3
LUSC,Other epithelial,VIL1,0.0247936002016771,0.579815126838673,0.0293062957765205,501,0.701544269489886,0.3
LUSC,Other epithelial,KLF4,-0.117669005229006,0.00837972233173416,-0.106304190545582,501,0.0221103516945757,0.3
LUSC,Other epithelial,HNF4A,0.110112842029518,0.0136629279422454,0.0947052267645343,501,0.0328811123005686,0.3
MESO,Non-epithelial,MUC2,0.0468713384349548,0.666395321518352,0.0623493602745495,87,0.77394277927482,0.1
MESO,Non-epithelial,TFF3,0.164796050495856,0.12717626192582,0.0974141482291363,87,0.21590388652523,0.1
MESO,Non-epithelial,SPINK4,0.113044731140243,0.29717690707661,0.189654013895287,87,0.421241052749369,0.1
MESO,Non-epithelial,FCGBP,-0.177236851609935,0.100533158176312,-0.112167767063508,87,0.178273373608197,0.1
MESO,Non-epithelial,AGR2,0.239684086034911,0.0253524649302835,0.259067173913427,87,0.0555803619086181,0.1
MESO,Non-epithelial,KRT8,-0.230199043121073,0.0319532724341683,-0.161166160694809,87,0.0676112721070808,0.1
MESO,Non-epithelial,KRT18,-0.274970781586302,0.00995032049992713,-0.218403635624307,87,0.0254867858419186,0.1
MESO,Non-epithelial,KRT19,-0.257978090496417,0.0158460327174848,-0.180268278217923,87,0.0375165531365315,0.1
MESO,Non-epithelial,EPCAM,0.240901953925761,0.0245955378515625,0.310835385198348,87,0.0544083110049716,0.1
MESO,Non-epithelial,CDX2,0.0847133165142986,0.435315275257258,0.118656096147558,87,0.567464555246068,0.1
MESO,Non-epithelial,VIL1,0.0972212306401564,0.37034468483854,0.0702824089489846,87,0.504439296892266,0.1
MESO,Non-epithelial,KLF4,0.136512784171621,0.207380356670871,0.081347489478528,87,0.318710634454182,0.1
MESO,Non-epithelial,HNF4A,0.162732011014619,0.13207562858775,0.144921228465027,87,0.222496635851671,0.1
OV,Other epithelial,MUC2,0.0971446107350502,0.0908754654614949,0.088135216808991,304,0.164477082116259,0.33
OV,Other epithelial,TFF3,0.218128603752734,0.000126178891485824,0.204006888633462,304,0.000526346233055151,0.33
OV,Other epithelial,SPINK4,0.0335153415222847,0.560488441322178,0.0353435293769305,304,0.687658087672588,0.33
OV,Other epithelial,FCGBP,-0.075760333809278,0.187711676810214,-0.0172418065253137,304,0.291552178875439,0.33
OV,Other epithelial,AGR2,0.274432685286849,1.18106048637568e-06,0.248061672114946,304,7.49716656568908e-06,0.33
OV,Other epithelial,KRT8,0.0535740790772023,0.351896726721065,0.0430546553146418,304,0.483553443664161,0.33
OV,Other epithelial,KRT18,0.0242423951684259,0.673754212198668,0.0173697248271166,304,0.774994755807162,0.33
OV,Other epithelial,KRT19,-0.14863290323758,0.00945199289261246,-0.0881349167500028,304,0.0244968809879542,0.33
OV,Other epithelial,EPCAM,0.191960108098422,0.000766843092370566,0.127039388737773,304,0.00275309241359269,0.33
OV,Other epithelial,CDX2,0.0272983867271491,0.635434872469292,-0.00343691533487259,304,0.747648867281111,0.33
OV,Other epithelial,VIL1,0.226829569114201,6.58632131058431e-05,0.203713459465742,304,0.000288480873403593,0.33
OV,Other epithelial,KLF4,-0.112814784295192,0.0493948514270428,-0.063513698054256,304,0.0965845755582356,0.33
OV,Other epithelial,HNF4A,0.192958133739524,0.000718760610812605,0.170092471917721,304,0.00260179460773488,0.33
PAAD,GI adeno,MUC2,0.391012817076793,6.79866172758729e-08,0.408903281729618,178,4.96302306113873e-07,0.98
PAAD,GI adeno,TFF3,0.536958700477156,1.1056216504407e-14,0.561409998262559,178,1.93704913157211e-13,0.98
PAAD,GI adeno,SPINK4,0.502363809026257,9.01691733917565e-13,0.521859575807382,178,1.09705827626637e-11,0.98
PAAD,GI adeno,FCGBP,0.325025906987346,9.57198231173647e-06,0.343063532094013,178,5.05123885848262e-05,0.98
PAAD,GI adeno,AGR2,0.623204010211604,1.5501017095277e-20,0.629329113033358,178,4.84960391980811e-19,0.98
PAAD,GI adeno,KRT8,0.41504843923148,8.39200343402749e-09,0.432973799343505,178,6.93527830963026e-08,0.98
PAAD,GI adeno,KRT18,0.336621270057469,4.34325058359726e-06,0.343563789801133,178,2.5030838889679e-05,0.98
PAAD,GI adeno,KRT19,0.201682862863917,0.00694174049371284,0.185759109075976,178,0.0187684094830014,0.98
PAAD,GI adeno,EPCAM,0.503769862263661,7.61218253631413e-13,0.507032703152561,178,9.52610271687311e-12,0.98
PAAD,GI adeno,CDX2,0.518404914505275,1.2462966116549e-13,0.539302534316465,178,1.81959305301615e-12,0.98
PAAD,GI adeno,VIL1,0.565993090832027,1.82782275589604e-16,0.573928617082142,178,3.63902894128393e-15,0.98
PAAD,GI adeno,KLF4,0.354468675647007,1.20724575809457e-06,0.421768733048553,178,7.55390917207745e-06,0.98
PAAD,GI adeno,HNF4A,0.510649525910967,3.28661238597928e-13,0.512638546061588,178,4.49855070330914e-12,0.98
PCPG,Non-epithelial,MUC2,0.0957142538041352,0.202476959396432,0.104837019747727,179,0.313374233977517,0.13
PCPG,Non-epithelial,TFF3,-0.0222198005475965,0.767814791577825,-0.0724986856246347,179,0.842864357671899,0.13
PCPG,Non-epithelial,SPINK4,-0.0483267293215562,0.520604824174297,-0.0428741208779504,179,0.655244002840063,0.13
PCPG,Non-epithelial,FCGBP,0.0541067320389997,0.471922567140104,0.0300125743203254,179,0.609551474244912,0.13
PCPG,Non-epithelial,AGR2,-0.0349326214153132,0.642480042985985,-0.0360015889577377,179,0.750416690207631,0.13
PCPG,Non-epithelial,KRT8,0.155769735472008,0.037325690270492,0.124101917225407,179,0.076754236330871,0.13
PCPG,Non-epithelial,KRT18,0.178489871614803,0.0168240529024601,0.145430674720218,179,0.0394060704346392,0.13
PCPG,Non-epithelial,KRT19,0.0490355284455797,0.514500010184749,0.0858347132654715,179,0.651303481100925,0.13
PCPG,Non-epithelial,EPCAM,0.19915478167261,0.00752503411023839,0.238050994174286,179,0.0200973471968562,0.13
PCPG,Non-epithelial,CDX2,-0.0508864076340275,0.498734320954502,-0.0287431250456881,179,0.636867733463767,0.13
PCPG,Non-epithelial,VIL1,0.094537479023221,0.208107857200676,0.0842069489539345,179,0.318710634454182,0.13
PCPG,Non-epithelial,KLF4,0.081415694986486,0.278614814264203,0.09665779002469,179,0.400109143107282,0.13
PCPG,Non-epithelial,HNF4A,-0.0311717289995869,0.678706958075526,-0.0246012171848832,179,0.774994755807162,0.13
PRAD,Other epithelial,MUC2,0.40232012292205,9.24897951344119e-21,0.41296556574184,497,3.11619463606711e-19,0.99
PRAD,Other epithelial,TFF3,-0.113738384889617,0.0111653542178182,-0.113452540501914,497,0.0281058916517492,0.99
PRAD,Other epithelial,SPINK4,-0.0374025439362609,0.421521977535752,-0.0375521970173747,464,0.552774329822334,0.99
PRAD,Other epithelial,FCGBP,0.142310839499483,0.00146858185654028,0.108996036772006,497,0.00485743580566898,0.99
PRAD,Other epithelial,AGR2,0.297316735201312,1.33200183608018e-11,0.304759273914621,497,1.49594052359774e-10,0.99
PRAD,Other epithelial,KRT8,0.100279177461106,0.0253791606888667,0.107841151643754,497,0.0555803619086181,0.99
PRAD,Other epithelial,KRT18,0.00454315213853853,0.919528043773055,0.0294639631659254,497,0.952135421211815,0.99
PRAD,Other epithelial,KRT19,0.177829635190484,6.71179063902361e-05,0.150897477397173,497,0.000291065772266568,0.99
PRAD,Other epithelial,EPCAM,0.207290522466327,3.15736966034893e-06,0.245833360177066,497,1.84390388164377e-05,0.99
PRAD,Other epithelial,CDX2,0.0192865323092099,0.667980359520161,0.00501449933865621,497,0.77394277927482,0.99
PRAD,Other epithelial,VIL1,-0.0662071061960565,0.140511517605021,-0.061648926944317,497,0.234226714117305,0.99
PRAD,Other epithelial,KLF4,0.0893733539792227,0.0464353669019767,0.0704139527437663,497,0.0924485941048446,0.99
PRAD,Other epithelial,HNF4A,0.0647629758518463,0.149395066271726,0.0801741098681508,497,0.245967781593237,0.99
READ,GI adeno,MUC2,0.869014396726802,7.70962490652473e-50,0.856456960112968,159,5.62802618176305e-48,0.97
READ,GI adeno,TFF3,0.331612424607998,1.95528103319093e-05,0.368735434185159,159,9.73196696065488e-05,0.97
READ,GI adeno,SPINK4,0.896186328613377,2.75343602471798e-57,0.897610225425311,159,2.41200995765295e-55,0.97
READ,GI adeno,FCGBP,0.835054347219723,1.37437698841315e-42,0.825072307954531,159,7.52471401156202e-41,0.97
READ,GI adeno,AGR2,0.67677366294371,1.22237194086527e-22,0.730107192292018,159,4.46165758415823e-21,0.97
READ,GI adeno,KRT8,0.132571757075899,0.0957457725140056,0.147927201897175,159,0.172578799840059,0.97
READ,GI adeno,KRT18,-0.0218591063353482,0.784476022971055,0.0339990637356887,159,0.849926184979259,0.97
READ,GI adeno,KRT19,0.204089188054632,0.00986917728570079,0.179468109586126,159,0.0254276450066879,0.97
READ,GI adeno,EPCAM,-0.185313738575349,0.0193575408211615,-0.181723125120256,159,0.0437041385549935,0.97
READ,GI adeno,CDX2,-0.342681374373475,9.79812237367179e-06,-0.325729982624558,159,5.109020951986e-05,0.97
READ,GI adeno,VIL1,-0.262434110827108,0.000832282971193551,-0.265880044756945,159,0.00296373936083557,0.97
READ,GI adeno,KLF4,0.61770690127901,4.21652281555679e-18,0.607479120740872,159,9.72019470112565e-17,0.97
READ,GI adeno,HNF4A,-0.340986868830702,1.09100253231362e-05,-0.351145457819559,159,5.62187187239253e-05,0.97
SARC,Non-epithelial,MUC2,0.211339454483835,0.00061823704008276,0.218612637052479,259,0.00225656519630207,0.15
SARC,Non-epithelial,TFF3,0.147645400248489,0.0174219404621326,0.128536785257443,259,0.0403746556741486,0.15
SARC,Non-epithelial,SPINK4,0.229046784920289,0.000200905424791994,0.239979181120213,259,0.000785683714811549,0.15
SARC,Non-epithelial,FCGBP,0.112033166533149,0.0718681094674827,0.0851291464806768,259,0.135682034253265,0.15
SARC,Non-epithelial,AGR2,0.39624593356955,3.61518609059637e-11,0.390500211902587,259,3.77012263733622e-10,0.15
SARC,Non-epithelial,KRT8,0.191567114837732,0.00195622049964227,0.20535482108054,259,0.00616420560318931,0.15
SARC,Non-epithelial,KRT18,0.146310064517332,0.0184758927098165,0.142416398992656,259,0.0421481302442688,0.15
SARC,Non-epithelial,KRT19,0.156937808689879,0.0114339262982156,0.152734213376198,259,0.0282941227040589,0.15
SARC,Non-epithelial,EPCAM,0.251454271368734,4.25537891250376e-05,0.26751187296259,259,0.000192150099348108,0.15
SARC,Non-epithelial,CDX2,0.234685868595602,0.000137836826108905,0.241909755504511,259,0.000559004905886116,0.15
SARC,Non-epithelial,VIL1,0.196456225287496,0.0014860648355243,0.181384041802958,259,0.00485743580566898,0.15
SARC,Non-epithelial,KLF4,0.0334289732921039,0.592279363125563,-0.0181007207400435,259,0.710735235750676,0.15
SARC,Non-epithelial,HNF4A,0.180543556175152,0.00355101502223064,0.197853662982012,259,0.010438554226423,0.15
SKCM,Non-epithelial,MUC2,0.00448654825968302,0.964124835668294,0.00578234856885431,103,0.982062041913286,0.09
SKCM,Non-epithelial,TFF3,0.0588576787695359,0.554813631698149,0.0449489350242585,103,0.684530621644476,0.09
SKCM,Non-epithelial,SPINK4,0.185371764804308,0.0608422669006447,0.194201304072286,103,0.116881196940712,0.09
SKCM,Non-epithelial,FCGBP,0.0383999753398932,0.700161045555837,0.0262351309604556,103,0.788356138697832,0.09
SKCM,Non-epithelial,AGR2,-9.20894363028578e-05,0.999263393522821,-0.00575042085023272,103,0.999263393522821,0.09
SKCM,Non-epithelial,KRT8,0.00346922493342704,0.972255813173368,-0.00388177139713984,103,0.985759366134109,0.09
SKCM,Non-epithelial,KRT18,-0.102559963339355,0.302593215003704,-0.117479310021778,103,0.427534929585879,0.09
SKCM,Non-epithelial,KRT19,-0.0534931307611077,0.591506057480508,-0.0758075379471115,103,0.710735235750676,0.09
SKCM,Non-epithelial,EPCAM,0.0828442645779347,0.405438402296153,0.0677904404916558,103,0.534885603029262,0.09
SKCM,Non-epithelial,CDX2,0.303255813965619,0.00184681768657202,0.314887984743912,103,0.00590442442860253,0.09
SKCM,Non-epithelial,VIL1,0.368454589606718,0.000128452526248072,0.363903100910249,103,0.000528355776913518,0.09
SKCM,Non-epithelial,KLF4,-0.0853887232984213,0.391117546178274,-0.0955753743882227,103,0.525215187507888,0.09
SKCM,Non-epithelial,HNF4A,0.178343583080011,0.0714857995918447,0.193397270775401,103,0.135544503122199,0.09
STAD,GI adeno,MUC2,0.547053770700213,8.22164440313035e-31,0.537740650408824,377,3.27370931688281e-29,0.98
STAD,GI adeno,TFF3,0.406638748472233,5.881325808798e-18,0.393709108877333,415,1.28801035212676e-16,0.98
STAD,GI adeno,SPINK4,0.561642756961428,7.14725961617232e-36,0.550506213307511,415,3.13049971188348e-34,0.98
STAD,GI adeno,FCGBP,0.361801487759136,2.79518952943222e-14,0.353155760014208,415,4.53441856996783e-13,0.98
STAD,GI adeno,AGR2,0.573565387558094,1.13305400237714e-37,0.570102079943268,415,5.51419614490207e-36,0.98
STAD,GI adeno,KRT8,0.220034287448374,6.05419597913164e-06,0.203768475614927,415,3.35663017577172e-05,0.98
STAD,GI adeno,KRT18,0.162722353746552,0.00087751998458607,0.149334603390808,415,0.00307483002598959,0.98
STAD,GI adeno,KRT19,0.218281147595027,1.90409734540074e-05,0.19936408185228,377,9.58614525615546e-05,0.98
STAD,GI adeno,EPCAM,0.172415530030777,0.000418341071716438,0.182322036319292,415,0.0015660973454,0.98
STAD,GI adeno,CDX2,0.278387992871099,7.99737461598932e-09,0.269198876330437,415,6.73625015731408e-08,0.98
STAD,GI adeno,VIL1,0.0287803759279737,0.558780702724131,0.0225268408216596,415,0.687488617396543,0.98
STAD,GI adeno,KLF4,0.38966868854338,1.68977766829283e-16,0.393523097489228,415,3.52439342243933e-15,0.98
STAD,GI adeno,HNF4A,0.212365358879568,3.22156721680316e-05,0.203838986263794,377,0.00015011132350636,0.98
TGCT,Non-epithelial,MUC2,0.55174242412356,4.86290840225378e-12,0.509091455292214,134,5.6051417899662e-11,0.53
TGCT,Non-epithelial,TFF3,0.553942995410089,3.84419195183007e-12,0.533763152195883,134,4.55069209432857e-11,0.53
TGCT,Non-epithelial,SPINK4,0.600275000318197,1.77825720878516e-14,0.565053805240969,134,2.99567945172269e-13,0.53
TGCT,Non-epithelial,FCGBP,-0.152744361685248,0.0780806473786826,-0.172042813174311,134,0.144911438837279,0.53
TGCT,Non-epithelial,AGR2,0.686773480252159,5.16258681444359e-20,0.673437651303612,134,1.50747534981753e-18,0.53
TGCT,Non-epithelial,KRT8,0.344181282866608,4.66142447872224e-05,0.281568066557709,134,0.000206232719361651,0.53
TGCT,Non-epithelial,KRT18,0.238993643823405,0.00541829540393152,0.178736547002251,134,0.0151160088338981,0.53
TGCT,Non-epithelial,KRT19,0.45929396932005,2.37803653073012e-08,0.399131566543506,134,1.85996428653534e-07,0.53
TGCT,Non-epithelial,EPCAM,-0.0537573284537143,0.537299100888551,-0.170359878295619,134,0.670475801108791,0.53
TGCT,Non-epithelial,CDX2,0.524474888786273,7.80421232731763e-11,0.478162283020531,134,7.59609999858916e-10,0.53
TGCT,Non-epithelial,VIL1,0.45405336961754,3.58293218589117e-08,0.389193647924079,134,2.70573154727644e-07,0.53
TGCT,Non-epithelial,KLF4,-0.572332487903282,5.03159196271357e-13,-0.535884783302537,134,6.54501499574786e-12,0.53
TGCT,Non-epithelial,HNF4A,0.397869830735741,1.93042409159772e-06,0.335407081728097,134,1.15825445495863e-05,0.53
THCA,Other epithelial,MUC2,-0.0441655317271156,0.321919633437877,-0.0188704238492525,505,0.450481787366741,0.08
THCA,Other epithelial,TFF3,0.134637557960782,0.00243002863062413,0.107380899725117,505,0.00754859957598135,0.08
THCA,Other epithelial,SPINK4,0.0186279815656484,0.676231765747204,0.0166028013839781,505,0.774994755807162,0.08
THCA,Other epithelial,FCGBP,0.014104192221518,0.75186391616329,0.0103476034301086,505,0.829512330678894,0.08
THCA,Other epithelial,AGR2,-0.0810265715563183,0.0688617263177752,-0.091899532825192,505,0.131709328066312,0.08
THCA,Other epithelial,KRT8,0.0983279991231375,0.0271379391822345,0.0827508223278266,505,0.0585537801074814,0.08
THCA,Other epithelial,KRT18,0.00331722254015236,0.940723314497625,0.018427645141893,505,0.96495740456665,0.08
THCA,Other epithelial,KRT19,-0.0179200067921194,0.687878030665887,-0.054822396117756,505,0.782572928393918,0.08
THCA,Other epithelial,EPCAM,-0.0962715042149038,0.0305336198908016,-0.0727164355389256,505,0.0652343770313181,0.08
THCA,Other epithelial,CDX2,0.131495031114753,0.00307114707682904,0.116042658669113,505,0.00927698220449048,0.08
THCA,Other epithelial,VIL1,0.0372824336920836,0.40313633629594,0.0478155136175734,505,0.534885603029262,0.08
THCA,Other epithelial,KLF4,-0.068076988632993,0.126556775469748,-0.10020123343324,505,0.215849943683285,0.08
THCA,Other epithelial,HNF4A,0.0294149555408989,0.509559608298856,0.0242386096740893,505,0.646919154883765,0.08
THYM,Non-epithelial,MUC2,-0.425443669864267,1.27301567612762e-06,-0.315130883768492,120,7.744178696443e-06,0.72
THYM,Non-epithelial,TFF3,0.465098198424059,8.70128273228432e-08,0.436323974313653,120,6.24780628973858e-07,0.72
THYM,Non-epithelial,SPINK4,0.132236420254335,0.149939264121905,0.102894411421498,120,0.245967781593237,0.72
THYM,Non-epithelial,FCGBP,-0.376463136130991,2.25753125992432e-05,-0.233433942704146,120,0.000109866521316317,0.72
THYM,Non-epithelial,AGR2,0.0903560003477295,0.326371105545962,0.0435199813889753,120,0.452375139965606,0.72
THYM,Non-epithelial,KRT8,-0.0690974352828305,0.453315708207368,-0.0635109118886631,120,0.589175905622633,0.72
THYM,Non-epithelial,KRT18,-0.536205417663234,2.76004925663291e-10,-0.39653752809162,120,2.57213100937279e-09,0.72
THYM,Non-epithelial,KRT19,0.0661035979863405,0.473167811057695,0.149356338167404,120,0.609551474244912,0.72
THYM,Non-epithelial,EPCAM,-0.616343311987403,6.69329982942369e-14,-0.487383358056948,120,1.01091907768537e-12,0.72
THYM,Non-epithelial,CDX2,0.174753883605802,0.0562604489751523,0.0764535862067225,120,0.109435557241866,0.72
THYM,Non-epithelial,VIL1,-0.325009885108994,0.000292468623954847,-0.290130261356862,120,0.00111392397645411,0.72
THYM,Non-epithelial,KLF4,-0.242340811818753,0.00765774138847391,-0.116053612444085,120,0.020327822594858,0.72
THYM,Non-epithelial,HNF4A,-0.2028161943044,0.0263084472441295,-0.184778295006953,120,0.0570450489748947,0.72
UCEC,Other epithelial,MUC2,-0.00412904677357176,0.924304205372847,-0.0133402428792088,532,0.954823683852139,0.35
UCEC,Other epithelial,TFF3,0.0135601853073093,0.755005535777686,0.0192283822297787,532,0.830885489122177,0.35
UCEC,Other epithelial,SPINK4,0.0904821842255255,0.0369464647065127,0.102326476971789,532,0.0765097403830859,0.35
UCEC,Other epithelial,FCGBP,-0.021063943527689,0.627851213653374,-0.0276568161574127,532,0.742530195558321,0.35
UCEC,Other epithelial,AGR2,0.12188585588638,0.0048746439894931,0.112973920232135,532,0.0137748004348257,0.35
UCEC,Other epithelial,KRT8,0.0527782194255755,0.224244062579023,0.0579799714938992,532,0.341614754864785,0.35
UCEC,Other epithelial,KRT18,0.107028544381568,0.0135143898258865,0.118814030792767,532,0.032703330075902,0.35
UCEC,Other epithelial,KRT19,0.124574158845571,0.00400487346545125,0.113828115081246,532,0.0115403590649187,0.35
UCEC,Other epithelial,EPCAM,0.170934327818791,7.41540521229632e-05,0.187699571858292,532,0.000318426223822136,0.35
UCEC,Other epithelial,CDX2,-0.00688076686946705,0.874193365006794,0.00914858011699692,532,0.91383459158228,0.35
UCEC,Other epithelial,VIL1,0.0231410248034071,0.594333708591466,0.00629766620414092,532,0.711249104768166,0.35
UCEC,Other epithelial,KLF4,0.0205239083741843,0.636696409807886,0.0276981400882198,532,0.747648867281111,0.35
UCEC,Other epithelial,HNF4A,0.0858776934294988,0.0477283347084152,0.062967674233533,532,0.0945928081551397,0.35
UCS,Non-epithelial,MUC2,0.201499589950339,0.132826357220036,0.200312236370976,57,0.222904001771554,0.49
UCS,Non-epithelial,TFF3,0.182117203471015,0.175142808340841,0.198778575957538,57,0.278954727466504,0.49
UCS,Non-epithelial,SPINK4,0.146050559624093,0.278340762466173,0.135719696670006,57,0.400109143107282,0.49
UCS,Non-epithelial,FCGBP,0.0188073076444894,0.889561961530576,0.029791147757249,57,0.927686045596172,0.49
UCS,Non-epithelial,AGR2,0.0768961108765008,0.569672523591717,0.125680306071504,57,0.694304417128119,0.49
UCS,Non-epithelial,KRT8,0.0633274922408036,0.63979180128113,0.0998409947205517,57,0.749274890270414,0.49
UCS,Non-epithelial,KRT18,0.0911269708395012,0.500212094610759,0.133512051712779,57,0.636897957673001,0.49
UCS,Non-epithelial,KRT19,0.114853548848504,0.394916710527975,0.136425245779358,57,0.525755377541803,0.49
UCS,Non-epithelial,EPCAM,-0.0942670243931954,0.485497111311037,-0.0659660272673671,57,0.623600395173707,0.49
UCS,Non-epithelial,CDX2,0.208071540071592,0.120385902450361,0.208247099326972,57,0.208415119657148,0.49
UCS,Non-epithelial,VIL1,0.418851052072386,0.00118404085764562,0.481010767090084,57,0.00402023174921536,0.49
UCS,Non-epithelial,KLF4,-0.388379079948987,0.00283217998010167,-0.383669872836188,57,0.00867478902996174,0.49
UCS,Non-epithelial,HNF4A,0.490540431906112,0.000107182198755878,0.52058602271771,57,0.000451401952452641,0.49
UVM,Non-epithelial,MUC2,-0.047520648901017,0.675519631342764,-0.0382201906764756,80,0.774994755807162,0.01
UVM,Non-epithelial,TFF3,0.135833775194136,0.229599795063694,0.132901584315015,80,0.343566089321577,0.01
UVM,Non-epithelial,SPINK4,-0.109842010865622,0.33207974545356,-0.102600457546465,80,0.458835736620376,0.01
UVM,Non-epithelial,FCGBP,-0.0308497675174363,0.78589065049452,-0.0260224403651274,80,0.849926184979259,0.01
UVM,Non-epithelial,AGR2,0.0635914240448958,0.575210093330656,0.0665408384095271,80,0.697900334844397,0.01
UVM,Non-epithelial,KRT8,0.137053945973829,0.225403342821742,0.139567884514012,80,0.341614754864785,0.01
UVM,Non-epithelial,KRT18,-0.030123917577869,0.790812129290401,-0.019110872519811,80,0.850795048110668,0.01
UVM,Non-epithelial,KRT19,0.0969810042959905,0.392112708481917,0.0946049674095863,80,0.525215187507888,0.01
UVM,Non-epithelial,EPCAM,0.129338279125921,0.252855857835257,0.125846007223,80,0.374013430749993,0.01
UVM,Non-epithelial,CDX2,0.126401869158879,0.263880001690918,0.126547593158072,80,0.38526480246874,0.01
UVM,Non-epithelial,VIL1,0.248572029723243,0.0261938658246944,0.25603079634928,80,0.0570450489748947,0.01
UVM,Non-epithelial,KLF4,-0.0227744027944755,0.841073535714762,-0.014043825370661,80,0.889831421843154,0.01
UVM,Non-epithelial,HNF4A,-0.025885789826554,0.819705494334588,-0.0102217202888049,80,0.876602772697871,0.01
